<Book><BookInfo><ID>-1727306126515</ID><Name><![CDATA[]]></Name><BookType>interact_book_hor</BookType><DeviceType>ipad_book</DeviceType><DeviceVersion>null</DeviceVersion><PlatformType>android_platform</PlatformType><Description><![CDATA[]]></Description><HomePageID>-1727306126734</HomePageID><StartPageTime><![CDATA[2]]></StartPageTime><IsLoadSnap>true</IsLoadSnap><IsLoadNavigation>true</IsLoadNavigation><BookFlipType>slider_flip</BookFlipType><BookNavType>threed_navigation_view</BookNavType><BookControllerType>book_view_type</BookControllerType><Proportion>false</Proportion><AndroidAdapterType>KEEPSIZE_SCALE</AndroidAdapterType><IsFree>true</IsFree><BackgroundMusicId>-1727318417649.mp3</BackgroundMusicId><BookMark><IsShowBookMark>false</IsShowBookMark><IsShowBookMarkLabel>true</IsShowBookMarkLabel><BookMarkLablePositon>left|bottom</BookMarkLablePositon><BookMarkLabelHorGap>20</BookMarkLabelHorGap><BookMarkLabelVerGap>20</BookMarkLabelVerGap><BookMarkLabelText><![CDATA[Smart Apps Creator]]></BookMarkLabelText></BookMark><BookWidth>1280</BookWidth><BookHeight>720</BookHeight><ADType>-1</ADType><ADPosition>top</ADPosition><ExeStyleType>IOS_STYLE</ExeStyleType><ProductID></ProductID><ReferenceName><![CDATA[]]></ReferenceName><PushID></PushID><ActivePush>false</ActivePush><FullScreen>false</FullScreen><Buttons><Button><X>0</X><Y>0</Y><Width>55</Width><Height>55</Height><Type>home_page_btn</Type><isVisible>false</isVisible><LayoutType>LEFT_TOP</LayoutType><Vergap>0</Vergap><Horgap>0</Horgap><UserDefNav>false</UserDefNav><Source></Source><SelectedSource></SelectedSource></Button><Button><X>1225</X><Y>0</Y><Width>55</Width><Height>55</Height><Type>open_navigate_btn</Type><isVisible>false</isVisible><LayoutType>RIGHT_TOP</LayoutType><Vergap>0</Vergap><Horgap>0</Horgap><UserDefNav>false</UserDefNav><Source></Source><SelectedSource></SelectedSource></Button><Button><X>0</X><Y>332.5</Y><Width>55</Width><Height>55</Height><Type>pre_page_btn</Type><isVisible>false</isVisible><LayoutType>LEFT_TOP</LayoutType><Vergap>332.5</Vergap><Horgap>0</Horgap><UserDefNav>false</UserDefNav><Source></Source><SelectedSource></SelectedSource></Button><Button><X>1225</X><Y>332.5</Y><Width>55</Width><Height>55</Height><Type>next_page_btn</Type><isVisible>false</isVisible><LayoutType>RIGHT_TOP</LayoutType><Vergap>332.5</Vergap><Horgap>0</Horgap><UserDefNav>false</UserDefNav><Source></Source><SelectedSource></SelectedSource></Button></Buttons></BookInfo><Snapshots><Snapshot> <SnapshotId>-1727309198800.png</SnapshotId><SnapshotWidth>1280</SnapshotWidth><SnapshotHeight>720</SnapshotHeight><PageId>-1727306126562</PageId><PageTitle><![CDATA[]]></PageTitle></Snapshot> <Snapshot> <SnapshotId>-1727321283952.jpg</SnapshotId><SnapshotWidth>426.6666666666667</SnapshotWidth><SnapshotHeight>240</SnapshotHeight><PageId>-1727306126734</PageId><PageTitle><![CDATA[]]></PageTitle></Snapshot> <Snapshot> <SnapshotId>-1727325102732.jpg</SnapshotId><SnapshotWidth>426.6666666666667</SnapshotWidth><SnapshotHeight>240</SnapshotHeight><PageId>-1727306471764</PageId><PageTitle><![CDATA[]]></PageTitle></Snapshot> <Snapshot> <SnapshotId>-1727325103048.jpg</SnapshotId><SnapshotWidth>426.6666666666667</SnapshotWidth><SnapshotHeight>240</SnapshotHeight><PageId>-1727306682513</PageId><PageTitle><![CDATA[]]></PageTitle></Snapshot> <Snapshot> <SnapshotId>-1727325103365.jpg</SnapshotId><SnapshotWidth>426.6666666666667</SnapshotWidth><SnapshotHeight>240</SnapshotHeight><PageId>-1727311586883</PageId><PageTitle><![CDATA[]]></PageTitle></Snapshot> <Snapshot> <SnapshotId>-1727322372431.jpg</SnapshotId><SnapshotWidth>426.6666666666667</SnapshotWidth><SnapshotHeight>240</SnapshotHeight><PageId>-1727311637558</PageId><PageTitle><![CDATA[]]></PageTitle></Snapshot> <Snapshot> <SnapshotId>-1727322979551.jpg</SnapshotId><SnapshotWidth>426.6666666666667</SnapshotWidth><SnapshotHeight>240</SnapshotHeight><PageId>-1727311759883</PageId><PageTitle><![CDATA[]]></PageTitle></Snapshot> <Snapshot> <SnapshotId>-1727325103915.jpg</SnapshotId><SnapshotWidth>426.6666666666667</SnapshotWidth><SnapshotHeight>240</SnapshotHeight><PageId>-1727311866255</PageId><PageTitle><![CDATA[]]></PageTitle></Snapshot> <Snapshot> <SnapshotId>-1727325104222.jpg</SnapshotId><SnapshotWidth>426.6666666666667</SnapshotWidth><SnapshotHeight>240</SnapshotHeight><PageId>-1727311939738</PageId><PageTitle><![CDATA[]]></PageTitle></Snapshot> <Snapshot> <SnapshotId>-1727325104608.jpg</SnapshotId><SnapshotWidth>426.6666666666667</SnapshotWidth><SnapshotHeight>240</SnapshotHeight><PageId>-1727311993554</PageId><PageTitle><![CDATA[]]></PageTitle></Snapshot> <Snapshot> <SnapshotId>-1727325104958.jpg</SnapshotId><SnapshotWidth>426.6666666666667</SnapshotWidth><SnapshotHeight>240</SnapshotHeight><PageId>-1727312041683</PageId><PageTitle><![CDATA[]]></PageTitle></Snapshot> <Snapshot> <SnapshotId>-1727325105273.jpg</SnapshotId><SnapshotWidth>426.6666666666667</SnapshotWidth><SnapshotHeight>240</SnapshotHeight><PageId>-1727312083307</PageId><PageTitle><![CDATA[]]></PageTitle></Snapshot> <Snapshot> <SnapshotId>-1727325105598.jpg</SnapshotId><SnapshotWidth>426.6666666666667</SnapshotWidth><SnapshotHeight>240</SnapshotHeight><PageId>-1727313267873</PageId><PageTitle><![CDATA[]]></PageTitle></Snapshot> <Snapshot> <SnapshotId>-1727325105920.jpg</SnapshotId><SnapshotWidth>426.6666666666667</SnapshotWidth><SnapshotHeight>240</SnapshotHeight><PageId>-1727313393889</PageId><PageTitle><![CDATA[]]></PageTitle></Snapshot> <Snapshot> <SnapshotId>-1727324388423.jpg</SnapshotId><SnapshotWidth>426.6666666666667</SnapshotWidth><SnapshotHeight>240</SnapshotHeight><PageId>-1727313606866</PageId><PageTitle><![CDATA[]]></PageTitle></Snapshot> <Snapshot> <SnapshotId>-1727324388729.jpg</SnapshotId><SnapshotWidth>426.6666666666667</SnapshotWidth><SnapshotHeight>240</SnapshotHeight><PageId>-1727314543197</PageId><PageTitle><![CDATA[]]></PageTitle></Snapshot> <Snapshot> <SnapshotId>-1727324389148.jpg</SnapshotId><SnapshotWidth>426.6666666666667</SnapshotWidth><SnapshotHeight>240</SnapshotHeight><PageId>-1727315252300</PageId><PageTitle><![CDATA[]]></PageTitle></Snapshot> <Snapshot> <SnapshotId>-1727325106298.jpg</SnapshotId><SnapshotWidth>426.6666666666667</SnapshotWidth><SnapshotHeight>240</SnapshotHeight><PageId>-1727315699536</PageId><PageTitle><![CDATA[]]></PageTitle></Snapshot> </Snapshots><Pages><Page><ID>-1727306126562</ID></Page><Page><ID>-1727306126734</ID></Page><Page><ID>-1727306471764</ID></Page><Page><ID>-1727306682513</ID></Page><Page><ID>-1727311586883</ID></Page><Page><ID>-1727311637558</ID></Page><Page><ID>-1727311759883</ID></Page><Page><ID>-1727311866255</ID></Page><Page><ID>-1727311939738</ID></Page><Page><ID>-1727311993554</ID></Page><Page><ID>-1727312041683</ID></Page><Page><ID>-1727312083307</ID></Page><Page><ID>-1727313267873</ID></Page><Page><ID>-1727313393889</ID></Page><Page><ID>-1727313606866</ID></Page><Page><ID>-1727314543197</ID></Page><Page><ID>-1727315252300</ID></Page><Page><ID>-1727315699536</ID></Page></Pages><StartPageID>-1727306126562</StartPageID><Sections><Section><ID>-1727306126749</ID><Name>INTRO</Name><isReverseSize>false</isReverseSize><isNeedPaid>false</isNeedPaid><Pages><Page>-1727306126734</Page></Pages></Section><Section><ID>-1727306471795</ID><Name>OPENING</Name><isReverseSize>false</isReverseSize><isNeedPaid>false</isNeedPaid><Pages><Page>-1727306471764</Page><Page>-1727306682513</Page><Page>-1727311586883</Page></Pages></Section><Section><ID>-1727312977537</ID><Name>HOME</Name><isReverseSize>false</isReverseSize><isNeedPaid>false</isNeedPaid><Pages><Page>-1727311637558</Page><Page>-1727311759883</Page><Page>-1727311866255</Page><Page>-1727311939738</Page><Page>-1727311993554</Page><Page>-1727312041683</Page><Page>-1727312083307</Page></Pages></Section><Section><ID>-1727313273099</ID><Name>MATERIALS</Name><isReverseSize>false</isReverseSize><isNeedPaid>false</isNeedPaid><Pages><Page>-1727313267873</Page><Page>-1727313393889</Page><Page>-1727313606866</Page></Pages></Section><Section><ID>-1727315732934</ID><Name>EXERCISES</Name><isReverseSize>false</isReverseSize><isNeedPaid>false</isNeedPaid><Pages><Page>-1727314543197</Page><Page>-1727315252300</Page></Pages></Section><Section><ID>-1727316134959</ID><Name>CLOSING</Name><isReverseSize>false</isReverseSize><isNeedPaid>false</isNeedPaid><Pages><Page>-1727315699536</Page></Pages></Section></Sections></Book>